{
    "lstm_direction": {
        "test_metrics": {
            "loss": 0.592844545841217,
            "accuracy": 0.7142857313156128,
            "auc": 0.7749999761581421
        },
        "classification_report": {
            "0": {
                "precision": 0.0,
                "recall": 0.0,
                "f1-score": 0.0,
                "support": 4.0
            },
            "1": {
                "precision": 0.7142857142857143,
                "recall": 1.0,
                "f1-score": 0.8333333333333333,
                "support": 10.0
            },
            "accuracy": 0.7142857142857143,
            "macro avg": {
                "precision": 0.35714285714285715,
                "recall": 0.5,
                "f1-score": 0.41666666666666663,
                "support": 14.0
            },
            "weighted avg": {
                "precision": 0.5102040816326531,
                "recall": 0.7142857142857143,
                "f1-score": 0.5952380952380951,
                "support": 14.0
            }
        },
        "predictions_sample": [
            0.6748186945915222,
            0.6744543313980103,
            0.6747446060180664,
            0.676393985748291,
            0.6783893704414368,
            0.6803334951400757,
            0.6826769113540649,
            0.6861106753349304,
            0.6895745396614075,
            0.6919175982475281
        ]
    },
    "gru_direction": {
        "test_metrics": {
            "loss": 0.6025940179824829,
            "accuracy": 0.7142857313156128,
            "auc": 0.42500001192092896
        },
        "classification_report": {
            "0": {
                "precision": 0.0,
                "recall": 0.0,
                "f1-score": 0.0,
                "support": 4.0
            },
            "1": {
                "precision": 0.7142857142857143,
                "recall": 1.0,
                "f1-score": 0.8333333333333333,
                "support": 10.0
            },
            "accuracy": 0.7142857142857143,
            "macro avg": {
                "precision": 0.35714285714285715,
                "recall": 0.5,
                "f1-score": 0.41666666666666663,
                "support": 14.0
            },
            "weighted avg": {
                "precision": 0.5102040816326531,
                "recall": 0.7142857142857143,
                "f1-score": 0.5952380952380951,
                "support": 14.0
            }
        },
        "predictions_sample": [
            0.7015085220336914,
            0.7085016369819641,
            0.7135092616081238,
            0.7196130156517029,
            0.7257372140884399,
            0.7301780581474304,
            0.7327103018760681,
            0.7361148595809937,
            0.7422531843185425,
            0.7402322292327881
        ]
    },
    "cnn_lstm_direction": {
        "test_metrics": {
            "loss": 0.6177145838737488,
            "accuracy": 0.7142857313156128,
            "auc": 0.8374999761581421
        },
        "classification_report": {
            "0": {
                "precision": 0.0,
                "recall": 0.0,
                "f1-score": 0.0,
                "support": 4.0
            },
            "1": {
                "precision": 0.7142857142857143,
                "recall": 1.0,
                "f1-score": 0.8333333333333333,
                "support": 10.0
            },
            "accuracy": 0.7142857142857143,
            "macro avg": {
                "precision": 0.35714285714285715,
                "recall": 0.5,
                "f1-score": 0.41666666666666663,
                "support": 14.0
            },
            "weighted avg": {
                "precision": 0.5102040816326531,
                "recall": 0.7142857142857143,
                "f1-score": 0.5952380952380951,
                "support": 14.0
            }
        },
        "predictions_sample": [
            0.5963245630264282,
            0.5988324284553528,
            0.598557710647583,
            0.5996169447898865,
            0.5957664251327515,
            0.6000968813896179,
            0.600223958492279,
            0.6048014163970947,
            0.6043075323104858,
            0.6087704300880432
        ]
    }
}