{
    "lstm_direction": {
        "test_metrics": {
            "loss": 0.5916205048561096,
            "accuracy": 0.7142857313156128,
            "auc": 0.699999988079071
        },
        "classification_report": {
            "0": {
                "precision": 0.0,
                "recall": 0.0,
                "f1-score": 0.0,
                "support": 4.0
            },
            "1": {
                "precision": 0.7142857142857143,
                "recall": 1.0,
                "f1-score": 0.8333333333333333,
                "support": 10.0
            },
            "accuracy": 0.7142857142857143,
            "macro avg": {
                "precision": 0.35714285714285715,
                "recall": 0.5,
                "f1-score": 0.41666666666666663,
                "support": 14.0
            },
            "weighted avg": {
                "precision": 0.5102040816326531,
                "recall": 0.7142857142857143,
                "f1-score": 0.5952380952380951,
                "support": 14.0
            }
        },
        "predictions_sample": [
            0.6066919565200806,
            0.6080204844474792,
            0.6118407249450684,
            0.6175839304924011,
            0.6242534518241882,
            0.6323988437652588,
            0.6416130065917969,
            0.6502801179885864,
            0.6581992506980896,
            0.6653547883033752
        ]
    },
    "gru_direction": {
        "test_metrics": {
            "loss": 0.6338637471199036,
            "accuracy": 0.7142857313156128,
            "auc": 0.699999988079071
        },
        "classification_report": {
            "0": {
                "precision": 0.0,
                "recall": 0.0,
                "f1-score": 0.0,
                "support": 4.0
            },
            "1": {
                "precision": 0.7142857142857143,
                "recall": 1.0,
                "f1-score": 0.8333333333333333,
                "support": 10.0
            },
            "accuracy": 0.7142857142857143,
            "macro avg": {
                "precision": 0.35714285714285715,
                "recall": 0.5,
                "f1-score": 0.41666666666666663,
                "support": 14.0
            },
            "weighted avg": {
                "precision": 0.5102040816326531,
                "recall": 0.7142857142857143,
                "f1-score": 0.5952380952380951,
                "support": 14.0
            }
        },
        "predictions_sample": [
            0.7704926133155823,
            0.7909805178642273,
            0.8064882755279541,
            0.8147951364517212,
            0.8239406943321228,
            0.8339928984642029,
            0.8428055644035339,
            0.8492457866668701,
            0.8546077013015747,
            0.8577602505683899
        ]
    },
    "cnn_lstm_direction": {
        "test_metrics": {
            "loss": 0.6172758936882019,
            "accuracy": 0.7142857313156128,
            "auc": 0.737500011920929
        },
        "classification_report": {
            "0": {
                "precision": 0.0,
                "recall": 0.0,
                "f1-score": 0.0,
                "support": 4.0
            },
            "1": {
                "precision": 0.7142857142857143,
                "recall": 1.0,
                "f1-score": 0.8333333333333333,
                "support": 10.0
            },
            "accuracy": 0.7142857142857143,
            "macro avg": {
                "precision": 0.35714285714285715,
                "recall": 0.5,
                "f1-score": 0.41666666666666663,
                "support": 14.0
            },
            "weighted avg": {
                "precision": 0.5102040816326531,
                "recall": 0.7142857142857143,
                "f1-score": 0.5952380952380951,
                "support": 14.0
            }
        },
        "predictions_sample": [
            0.5715895891189575,
            0.5744629502296448,
            0.5830087661743164,
            0.5785886645317078,
            0.582750141620636,
            0.5863702297210693,
            0.5985361337661743,
            0.5982142686843872,
            0.6041626930236816,
            0.6022360324859619
        ]
    }
}