{
    "lstm_direction": {
        "test_metrics": {
            "loss": 0.6040624976158142,
            "accuracy": 0.7142857313156128,
            "auc": 0.699999988079071
        },
        "classification_report": {
            "0": {
                "precision": 0.0,
                "recall": 0.0,
                "f1-score": 0.0,
                "support": 4.0
            },
            "1": {
                "precision": 0.7142857142857143,
                "recall": 1.0,
                "f1-score": 0.8333333333333333,
                "support": 10.0
            },
            "accuracy": 0.7142857142857143,
            "macro avg": {
                "precision": 0.35714285714285715,
                "recall": 0.5,
                "f1-score": 0.41666666666666663,
                "support": 14.0
            },
            "weighted avg": {
                "precision": 0.5102040816326531,
                "recall": 0.7142857142857143,
                "f1-score": 0.5952380952380951,
                "support": 14.0
            }
        },
        "predictions_sample": [
            0.6327010989189148,
            0.6340930461883545,
            0.6361497640609741,
            0.638607382774353,
            0.6413149833679199,
            0.6441399455070496,
            0.647079348564148,
            0.6498910188674927,
            0.6524670720100403,
            0.6539992094039917
        ]
    },
    "gru_direction": {
        "test_metrics": {
            "loss": 0.5889398455619812,
            "accuracy": 0.7142857313156128,
            "auc": 0.699999988079071
        },
        "classification_report": {
            "0": {
                "precision": 0.0,
                "recall": 0.0,
                "f1-score": 0.0,
                "support": 4.0
            },
            "1": {
                "precision": 0.7142857142857143,
                "recall": 1.0,
                "f1-score": 0.8333333333333333,
                "support": 10.0
            },
            "accuracy": 0.7142857142857143,
            "macro avg": {
                "precision": 0.35714285714285715,
                "recall": 0.5,
                "f1-score": 0.41666666666666663,
                "support": 14.0
            },
            "weighted avg": {
                "precision": 0.5102040816326531,
                "recall": 0.7142857142857143,
                "f1-score": 0.5952380952380951,
                "support": 14.0
            }
        },
        "predictions_sample": [
            0.6196958422660828,
            0.628532886505127,
            0.6479130387306213,
            0.6692503094673157,
            0.6874591708183289,
            0.7062363624572754,
            0.7236970663070679,
            0.7377550005912781,
            0.7474079132080078,
            0.7465445399284363
        ]
    },
    "cnn_lstm_direction": {
        "test_metrics": {
            "loss": 0.6021201014518738,
            "accuracy": 0.7142857313156128,
            "auc": 0.6749999523162842
        },
        "classification_report": {
            "0": {
                "precision": 0.0,
                "recall": 0.0,
                "f1-score": 0.0,
                "support": 4.0
            },
            "1": {
                "precision": 0.7142857142857143,
                "recall": 1.0,
                "f1-score": 0.8333333333333333,
                "support": 10.0
            },
            "accuracy": 0.7142857142857143,
            "macro avg": {
                "precision": 0.35714285714285715,
                "recall": 0.5,
                "f1-score": 0.41666666666666663,
                "support": 14.0
            },
            "weighted avg": {
                "precision": 0.5102040816326531,
                "recall": 0.7142857142857143,
                "f1-score": 0.5952380952380951,
                "support": 14.0
            }
        },
        "predictions_sample": [
            0.6467912197113037,
            0.6441966891288757,
            0.6455733776092529,
            0.6513027548789978,
            0.650972306728363,
            0.6572792530059814,
            0.65693199634552,
            0.6636079549789429,
            0.6569091081619263,
            0.6616905927658081
        ]
    }
}