{
    "lstm_direction": {
        "test_metrics": {
            "loss": 0.5961585640907288,
            "accuracy": 0.7142857313156128,
            "auc": 0.699999988079071
        },
        "classification_report": {
            "0": {
                "precision": 0.0,
                "recall": 0.0,
                "f1-score": 0.0,
                "support": 4.0
            },
            "1": {
                "precision": 0.7142857142857143,
                "recall": 1.0,
                "f1-score": 0.8333333333333333,
                "support": 10.0
            },
            "accuracy": 0.7142857142857143,
            "macro avg": {
                "precision": 0.35714285714285715,
                "recall": 0.5,
                "f1-score": 0.41666666666666663,
                "support": 14.0
            },
            "weighted avg": {
                "precision": 0.5102040816326531,
                "recall": 0.7142857142857143,
                "f1-score": 0.5952380952380951,
                "support": 14.0
            }
        },
        "predictions_sample": [
            0.577372670173645,
            0.5779247283935547,
            0.5802730321884155,
            0.5849034786224365,
            0.590431809425354,
            0.5991108417510986,
            0.6080006957054138,
            0.6179477572441101,
            0.6280708312988281,
            0.636870801448822
        ]
    },
    "gru_direction": {
        "test_metrics": {
            "loss": 0.568660318851471,
            "accuracy": 0.7142857313156128,
            "auc": 0.699999988079071
        },
        "classification_report": {
            "0": {
                "precision": 0.0,
                "recall": 0.0,
                "f1-score": 0.0,
                "support": 4.0
            },
            "1": {
                "precision": 0.7142857142857143,
                "recall": 1.0,
                "f1-score": 0.8333333333333333,
                "support": 10.0
            },
            "accuracy": 0.7142857142857143,
            "macro avg": {
                "precision": 0.35714285714285715,
                "recall": 0.5,
                "f1-score": 0.41666666666666663,
                "support": 14.0
            },
            "weighted avg": {
                "precision": 0.5102040816326531,
                "recall": 0.7142857142857143,
                "f1-score": 0.5952380952380951,
                "support": 14.0
            }
        },
        "predictions_sample": [
            0.6476548910140991,
            0.6620805859565735,
            0.6680911779403687,
            0.6752088665962219,
            0.6823379397392273,
            0.6938151121139526,
            0.7118581533432007,
            0.727853000164032,
            0.7412765622138977,
            0.7497876882553101
        ]
    },
    "cnn_lstm_direction": {
        "test_metrics": {
            "loss": 0.6239808201789856,
            "accuracy": 0.7142857313156128,
            "auc": 0.7000000476837158
        },
        "classification_report": {
            "0": {
                "precision": 0.0,
                "recall": 0.0,
                "f1-score": 0.0,
                "support": 4.0
            },
            "1": {
                "precision": 0.7142857142857143,
                "recall": 1.0,
                "f1-score": 0.8333333333333333,
                "support": 10.0
            },
            "accuracy": 0.7142857142857143,
            "macro avg": {
                "precision": 0.35714285714285715,
                "recall": 0.5,
                "f1-score": 0.41666666666666663,
                "support": 14.0
            },
            "weighted avg": {
                "precision": 0.5102040816326531,
                "recall": 0.7142857142857143,
                "f1-score": 0.5952380952380951,
                "support": 14.0
            }
        },
        "predictions_sample": [
            0.5935731530189514,
            0.5948731899261475,
            0.5949399471282959,
            0.5947607755661011,
            0.597473680973053,
            0.5992815494537354,
            0.5994541049003601,
            0.599021852016449,
            0.6027759313583374,
            0.6056503653526306
        ]
    }
}