{
    "lstm_direction": {
        "test_metrics": {
            "loss": 0.6913383603096008,
            "accuracy": 0.5333333611488342,
            "auc": 0.46822911500930786
        },
        "classification_report": {
            "0": {
                "precision": 0.2222222222222222,
                "recall": 0.02531645569620253,
                "f1-score": 0.04545454545454545,
                "support": 79.0
            },
            "1": {
                "precision": 0.5497076023391813,
                "recall": 0.9306930693069307,
                "f1-score": 0.6911764705882353,
                "support": 101.0
            },
            "accuracy": 0.5333333333333333,
            "macro avg": {
                "precision": 0.38596491228070173,
                "recall": 0.47800476250156665,
                "f1-score": 0.36831550802139035,
                "support": 180.0
            },
            "weighted avg": {
                "precision": 0.40597790773229364,
                "recall": 0.5333333333333333,
                "f1-score": 0.4077762923351159,
                "support": 180.0
            }
        },
        "predictions_sample": [
            0.514863908290863,
            0.5149639844894409,
            0.5151935815811157,
            0.5161802172660828,
            0.5172172784805298,
            0.5180103778839111,
            0.5191769599914551,
            0.5198624134063721,
            0.5208929181098938,
            0.5216686725616455
        ]
    },
    "gru_direction": {
        "test_metrics": {
            "loss": 0.7169018983840942,
            "accuracy": 0.46666666865348816,
            "auc": 0.3994234800338745
        },
        "classification_report": {
            "0": {
                "precision": 0.34545454545454546,
                "recall": 0.24050632911392406,
                "f1-score": 0.28358208955223885,
                "support": 79.0
            },
            "1": {
                "precision": 0.52,
                "recall": 0.6435643564356436,
                "f1-score": 0.5752212389380531,
                "support": 101.0
            },
            "accuracy": 0.4666666666666667,
            "macro avg": {
                "precision": 0.43272727272727274,
                "recall": 0.44203534277478385,
                "f1-score": 0.429401664245146,
                "support": 180.0
            },
            "weighted avg": {
                "precision": 0.4433939393939394,
                "recall": 0.4666666666666667,
                "f1-score": 0.44722405670761245,
                "support": 180.0
            }
        },
        "predictions_sample": [
            0.5700799822807312,
            0.5407543182373047,
            0.5026010274887085,
            0.4810369908809662,
            0.4636194705963135,
            0.44864553213119507,
            0.438308447599411,
            0.43841981887817383,
            0.4374023675918579,
            0.43506914377212524
        ]
    },
    "cnn_lstm_direction": {
        "test_metrics": {
            "loss": 0.6891497373580933,
            "accuracy": 0.5611110925674438,
            "auc": 0.530016303062439
        },
        "classification_report": {
            "0": {
                "precision": 0.0,
                "recall": 0.0,
                "f1-score": 0.0,
                "support": 79.0
            },
            "1": {
                "precision": 0.5611111111111111,
                "recall": 1.0,
                "f1-score": 0.7188612099644128,
                "support": 101.0
            },
            "accuracy": 0.5611111111111111,
            "macro avg": {
                "precision": 0.28055555555555556,
                "recall": 0.5,
                "f1-score": 0.3594306049822064,
                "support": 180.0
            },
            "weighted avg": {
                "precision": 0.31484567901234567,
                "recall": 0.5611111111111111,
                "f1-score": 0.4033610122578094,
                "support": 180.0
            }
        },
        "predictions_sample": [
            0.5171533823013306,
            0.5175166130065918,
            0.5168759822845459,
            0.5171985626220703,
            0.5163025856018066,
            0.5169416069984436,
            0.5160093903541565,
            0.5153006911277771,
            0.5163735151290894,
            0.5150122046470642
        ]
    }
}