{
    "lstm_direction": {
        "test_metrics": {
            "loss": 0.5949613451957703,
            "accuracy": 0.7142857313156128,
            "auc": 0.699999988079071
        },
        "classification_report": {
            "0": {
                "precision": 0.0,
                "recall": 0.0,
                "f1-score": 0.0,
                "support": 4.0
            },
            "1": {
                "precision": 0.7142857142857143,
                "recall": 1.0,
                "f1-score": 0.8333333333333333,
                "support": 10.0
            },
            "accuracy": 0.7142857142857143,
            "macro avg": {
                "precision": 0.35714285714285715,
                "recall": 0.5,
                "f1-score": 0.41666666666666663,
                "support": 14.0
            },
            "weighted avg": {
                "precision": 0.5102040816326531,
                "recall": 0.7142857142857143,
                "f1-score": 0.5952380952380951,
                "support": 14.0
            }
        },
        "predictions_sample": [
            0.6351913809776306,
            0.6411682963371277,
            0.6475592255592346,
            0.6540728807449341,
            0.6603186726570129,
            0.6660975813865662,
            0.6718736886978149,
            0.6770334839820862,
            0.6818954348564148,
            0.6854072213172913
        ]
    },
    "gru_direction": {
        "test_metrics": {
            "loss": 0.6198462843894958,
            "accuracy": 0.7142857313156128,
            "auc": 0.6124999523162842
        },
        "classification_report": {
            "0": {
                "precision": 0.0,
                "recall": 0.0,
                "f1-score": 0.0,
                "support": 4.0
            },
            "1": {
                "precision": 0.7142857142857143,
                "recall": 1.0,
                "f1-score": 0.8333333333333333,
                "support": 10.0
            },
            "accuracy": 0.7142857142857143,
            "macro avg": {
                "precision": 0.35714285714285715,
                "recall": 0.5,
                "f1-score": 0.41666666666666663,
                "support": 14.0
            },
            "weighted avg": {
                "precision": 0.5102040816326531,
                "recall": 0.7142857142857143,
                "f1-score": 0.5952380952380951,
                "support": 14.0
            }
        },
        "predictions_sample": [
            0.5558026432991028,
            0.5663356781005859,
            0.5814493298530579,
            0.5952531695365906,
            0.6074408888816833,
            0.6197416186332703,
            0.6325660347938538,
            0.6436925530433655,
            0.65232253074646,
            0.6470282077789307
        ]
    },
    "cnn_lstm_direction": {
        "test_metrics": {
            "loss": 0.6109395027160645,
            "accuracy": 0.7142857313156128,
            "auc": 0.699999988079071
        },
        "classification_report": {
            "0": {
                "precision": 0.0,
                "recall": 0.0,
                "f1-score": 0.0,
                "support": 4.0
            },
            "1": {
                "precision": 0.7142857142857143,
                "recall": 1.0,
                "f1-score": 0.8333333333333333,
                "support": 10.0
            },
            "accuracy": 0.7142857142857143,
            "macro avg": {
                "precision": 0.35714285714285715,
                "recall": 0.5,
                "f1-score": 0.41666666666666663,
                "support": 14.0
            },
            "weighted avg": {
                "precision": 0.5102040816326531,
                "recall": 0.7142857142857143,
                "f1-score": 0.5952380952380951,
                "support": 14.0
            }
        },
        "predictions_sample": [
            0.6122793555259705,
            0.6180400848388672,
            0.6171035170555115,
            0.6177096962928772,
            0.6160507798194885,
            0.6240875720977783,
            0.6239537596702576,
            0.6251120567321777,
            0.6260673999786377,
            0.6296155452728271
        ]
    }
}