{
    "lstm_direction": {
        "test_metrics": {
            "loss": 0.687650740146637,
            "accuracy": 0.5722222328186035,
            "auc": 0.4965956211090088
        },
        "classification_report": {
            "0": {
                "precision": 0.0,
                "recall": 0.0,
                "f1-score": 0.0,
                "support": 77.0
            },
            "1": {
                "precision": 0.5722222222222222,
                "recall": 1.0,
                "f1-score": 0.7279151943462897,
                "support": 103.0
            },
            "accuracy": 0.5722222222222222,
            "macro avg": {
                "precision": 0.2861111111111111,
                "recall": 0.5,
                "f1-score": 0.36395759717314485,
                "support": 180.0
            },
            "weighted avg": {
                "precision": 0.3274382716049382,
                "recall": 0.5722222222222222,
                "f1-score": 0.41652925009815467,
                "support": 180.0
            }
        },
        "predictions_sample": [
            0.5452343821525574,
            0.5443113446235657,
            0.5429981350898743,
            0.5420228838920593,
            0.540880560874939,
            0.5393663644790649,
            0.5383521318435669,
            0.537277102470398,
            0.5371122360229492,
            0.5365656614303589
        ]
    },
    "gru_direction": {
        "test_metrics": {
            "loss": 0.6922745704650879,
            "accuracy": 0.5722222328186035,
            "auc": 0.3790820837020874
        },
        "classification_report": {
            "0": {
                "precision": 0.0,
                "recall": 0.0,
                "f1-score": 0.0,
                "support": 77.0
            },
            "1": {
                "precision": 0.5722222222222222,
                "recall": 1.0,
                "f1-score": 0.7279151943462897,
                "support": 103.0
            },
            "accuracy": 0.5722222222222222,
            "macro avg": {
                "precision": 0.2861111111111111,
                "recall": 0.5,
                "f1-score": 0.36395759717314485,
                "support": 180.0
            },
            "weighted avg": {
                "precision": 0.3274382716049382,
                "recall": 0.5722222222222222,
                "f1-score": 0.41652925009815467,
                "support": 180.0
            }
        },
        "predictions_sample": [
            0.5783131122589111,
            0.5780113935470581,
            0.5742928981781006,
            0.5725194811820984,
            0.5680658221244812,
            0.5619516372680664,
            0.5630989670753479,
            0.5674679279327393,
            0.5720906257629395,
            0.5770494341850281
        ]
    },
    "cnn_lstm_direction": {
        "test_metrics": {
            "loss": 0.6912719011306763,
            "accuracy": 0.5722222328186035,
            "auc": 0.417349636554718
        },
        "classification_report": {
            "0": {
                "precision": 0.0,
                "recall": 0.0,
                "f1-score": 0.0,
                "support": 77.0
            },
            "1": {
                "precision": 0.5722222222222222,
                "recall": 1.0,
                "f1-score": 0.7279151943462897,
                "support": 103.0
            },
            "accuracy": 0.5722222222222222,
            "macro avg": {
                "precision": 0.2861111111111111,
                "recall": 0.5,
                "f1-score": 0.36395759717314485,
                "support": 180.0
            },
            "weighted avg": {
                "precision": 0.3274382716049382,
                "recall": 0.5722222222222222,
                "f1-score": 0.41652925009815467,
                "support": 180.0
            }
        },
        "predictions_sample": [
            0.500781774520874,
            0.5019739866256714,
            0.5018782615661621,
            0.5019199252128601,
            0.5008948445320129,
            0.501592755317688,
            0.5016587972640991,
            0.5017055869102478,
            0.5020112991333008,
            0.5013860464096069
        ]
    }
}