{
    "lstm_direction": {
        "test_metrics": {
            "loss": 0.6930843591690063,
            "accuracy": 0.5111111402511597,
            "auc": 0.43971672654151917
        },
        "classification_report": {
            "0": {
                "precision": 0.30434782608695654,
                "recall": 0.08860759493670886,
                "f1-score": 0.1372549019607843,
                "support": 79.0
            },
            "1": {
                "precision": 0.5414012738853503,
                "recall": 0.8415841584158416,
                "f1-score": 0.6589147286821706,
                "support": 101.0
            },
            "accuracy": 0.5111111111111111,
            "macro avg": {
                "precision": 0.4228745499861534,
                "recall": 0.4650958766762752,
                "f1-score": 0.39808481532147744,
                "support": 180.0
            },
            "weighted avg": {
                "precision": 0.4373611495738331,
                "recall": 0.5111111111111111,
                "f1-score": 0.4299640269544511,
                "support": 180.0
            }
        },
        "predictions_sample": [
            0.5051267147064209,
            0.502663254737854,
            0.5001800060272217,
            0.49770939350128174,
            0.4947563111782074,
            0.4935656785964966,
            0.4966832399368286,
            0.501366138458252,
            0.5048639178276062,
            0.5076607465744019
        ]
    },
    "gru_direction": {
        "test_metrics": {
            "loss": 0.6940358877182007,
            "accuracy": 0.5111111402511597,
            "auc": 0.46503323316574097
        },
        "classification_report": {
            "0": {
                "precision": 0.15384615384615385,
                "recall": 0.02531645569620253,
                "f1-score": 0.043478260869565216,
                "support": 79.0
            },
            "1": {
                "precision": 0.5389221556886228,
                "recall": 0.8910891089108911,
                "f1-score": 0.6716417910447762,
                "support": 101.0
            },
            "accuracy": 0.5111111111111111,
            "macro avg": {
                "precision": 0.3463841547673883,
                "recall": 0.45820278230354683,
                "f1-score": 0.3575600259571707,
                "support": 180.0
            },
            "weighted avg": {
                "precision": 0.3699165771022059,
                "recall": 0.5111111111111111,
                "f1-score": 0.3959477972456558,
                "support": 180.0
            }
        },
        "predictions_sample": [
            0.5351850390434265,
            0.5348745584487915,
            0.5309549570083618,
            0.5294389724731445,
            0.5300960540771484,
            0.5309191346168518,
            0.5307549834251404,
            0.5271881222724915,
            0.5237765908241272,
            0.5211878418922424
        ]
    },
    "cnn_lstm_direction": {
        "test_metrics": {
            "loss": 0.6879523992538452,
            "accuracy": 0.5611110925674438,
            "auc": 0.49530017375946045
        },
        "classification_report": {
            "0": {
                "precision": 0.0,
                "recall": 0.0,
                "f1-score": 0.0,
                "support": 79.0
            },
            "1": {
                "precision": 0.5611111111111111,
                "recall": 1.0,
                "f1-score": 0.7188612099644128,
                "support": 101.0
            },
            "accuracy": 0.5611111111111111,
            "macro avg": {
                "precision": 0.28055555555555556,
                "recall": 0.5,
                "f1-score": 0.3594306049822064,
                "support": 180.0
            },
            "weighted avg": {
                "precision": 0.31484567901234567,
                "recall": 0.5611111111111111,
                "f1-score": 0.4033610122578094,
                "support": 180.0
            }
        },
        "predictions_sample": [
            0.5544712543487549,
            0.5501251816749573,
            0.5483797192573547,
            0.5439924001693726,
            0.5475779175758362,
            0.5445013642311096,
            0.5426486730575562,
            0.5365005731582642,
            0.539130449295044,
            0.5371021032333374
        ]
    }
}