{
    "lstm_direction": {
        "test_metrics": {
            "loss": 0.6883019208908081,
            "accuracy": 0.550000011920929,
            "auc": 0.4868238866329193
        },
        "classification_report": {
            "0": {
                "precision": 0.25,
                "recall": 0.025974025974025976,
                "f1-score": 0.047058823529411764,
                "support": 77.0
            },
            "1": {
                "precision": 0.563953488372093,
                "recall": 0.941747572815534,
                "f1-score": 0.7054545454545454,
                "support": 103.0
            },
            "accuracy": 0.55,
            "macro avg": {
                "precision": 0.4069767441860465,
                "recall": 0.48386079939478,
                "f1-score": 0.3762566844919786,
                "support": 180.0
            },
            "weighted avg": {
                "precision": 0.4296511627906977,
                "recall": 0.55,
                "f1-score": 0.42380748663101603,
                "support": 180.0
            }
        },
        "predictions_sample": [
            0.5208653211593628,
            0.5219193696975708,
            0.5224126577377319,
            0.5230197906494141,
            0.5236796736717224,
            0.5243650674819946,
            0.5255544781684875,
            0.5269867181777954,
            0.5288399457931519,
            0.5304571986198425
        ]
    },
    "gru_direction": {
        "test_metrics": {
            "loss": 0.6875017881393433,
            "accuracy": 0.5722222328186035,
            "auc": 0.44609761238098145
        },
        "classification_report": {
            "0": {
                "precision": 0.0,
                "recall": 0.0,
                "f1-score": 0.0,
                "support": 77.0
            },
            "1": {
                "precision": 0.5722222222222222,
                "recall": 1.0,
                "f1-score": 0.7279151943462897,
                "support": 103.0
            },
            "accuracy": 0.5722222222222222,
            "macro avg": {
                "precision": 0.2861111111111111,
                "recall": 0.5,
                "f1-score": 0.36395759717314485,
                "support": 180.0
            },
            "weighted avg": {
                "precision": 0.3274382716049382,
                "recall": 0.5722222222222222,
                "f1-score": 0.41652925009815467,
                "support": 180.0
            }
        },
        "predictions_sample": [
            0.5440197587013245,
            0.5436737537384033,
            0.5417904853820801,
            0.540377676486969,
            0.5399017333984375,
            0.54039067029953,
            0.5398529171943665,
            0.5390487313270569,
            0.5405992865562439,
            0.5397495627403259
        ]
    },
    "cnn_lstm_direction": {
        "test_metrics": {
            "loss": 0.6919985413551331,
            "accuracy": 0.5555555820465088,
            "auc": 0.5042239427566528
        },
        "classification_report": {
            "0": {
                "precision": 0.47058823529411764,
                "recall": 0.3116883116883117,
                "f1-score": 0.37499999999999994,
                "support": 77.0
            },
            "1": {
                "precision": 0.5891472868217055,
                "recall": 0.7378640776699029,
                "f1-score": 0.6551724137931034,
                "support": 103.0
            },
            "accuracy": 0.5555555555555556,
            "macro avg": {
                "precision": 0.5298677610579116,
                "recall": 0.5247761946791073,
                "f1-score": 0.5150862068965517,
                "support": 180.0
            },
            "weighted avg": {
                "precision": 0.5384303592237929,
                "recall": 0.5555555555555556,
                "f1-score": 0.5353208812260536,
                "support": 180.0
            }
        },
        "predictions_sample": [
            0.49716416001319885,
            0.4971824884414673,
            0.4992276132106781,
            0.5007139444351196,
            0.504363477230072,
            0.5040357708930969,
            0.5059235692024231,
            0.5062952041625977,
            0.5109856724739075,
            0.508382260799408
        ]
    }
}