{
    "lstm_direction": {
        "test_metrics": {
            "loss": 0.6857705116271973,
            "accuracy": 0.5690608024597168,
            "auc": 0.5368434190750122
        },
        "classification_report": {
            "0": {
                "precision": 0.0,
                "recall": 0.0,
                "f1-score": 0.0,
                "support": 78.0
            },
            "1": {
                "precision": 0.569060773480663,
                "recall": 1.0,
                "f1-score": 0.7253521126760564,
                "support": 103.0
            },
            "accuracy": 0.569060773480663,
            "macro avg": {
                "precision": 0.2845303867403315,
                "recall": 0.5,
                "f1-score": 0.3626760563380282,
                "support": 181.0
            },
            "weighted avg": {
                "precision": 0.3238301639144104,
                "recall": 0.569060773480663,
                "f1-score": 0.41276943428526963,
                "support": 181.0
            }
        },
        "predictions_sample": [
            0.5440797209739685,
            0.5425676703453064,
            0.5411167144775391,
            0.5398254990577698,
            0.5383144021034241,
            0.5378050804138184,
            0.5374754071235657,
            0.5380645394325256,
            0.5386852025985718,
            0.5390348434448242
        ]
    },
    "gru_direction": {
        "test_metrics": {
            "loss": 0.6914247274398804,
            "accuracy": 0.5966851115226746,
            "auc": 0.4408140480518341
        },
        "classification_report": {
            "0": {
                "precision": 0.6470588235294118,
                "recall": 0.14102564102564102,
                "f1-score": 0.23157894736842105,
                "support": 78.0
            },
            "1": {
                "precision": 0.5914634146341463,
                "recall": 0.941747572815534,
                "f1-score": 0.7265917602996255,
                "support": 103.0
            },
            "accuracy": 0.5966850828729282,
            "macro avg": {
                "precision": 0.619261119081779,
                "recall": 0.5413866069205875,
                "f1-score": 0.4790853538340233,
                "support": 181.0
            },
            "weighted avg": {
                "precision": 0.6154216571414983,
                "recall": 0.5966850828729282,
                "f1-score": 0.513271321577891,
                "support": 181.0
            }
        },
        "predictions_sample": [
            0.5276930332183838,
            0.525838315486908,
            0.5240899324417114,
            0.5231637358665466,
            0.5242639183998108,
            0.5253206491470337,
            0.5274217128753662,
            0.5295029878616333,
            0.5327646732330322,
            0.5361285209655762
        ]
    },
    "cnn_lstm_direction": {
        "test_metrics": {
            "loss": 0.6887682676315308,
            "accuracy": 0.5690608024597168,
            "auc": 0.5461164712905884
        },
        "classification_report": {
            "0": {
                "precision": 0.0,
                "recall": 0.0,
                "f1-score": 0.0,
                "support": 78.0
            },
            "1": {
                "precision": 0.569060773480663,
                "recall": 1.0,
                "f1-score": 0.7253521126760564,
                "support": 103.0
            },
            "accuracy": 0.569060773480663,
            "macro avg": {
                "precision": 0.2845303867403315,
                "recall": 0.5,
                "f1-score": 0.3626760563380282,
                "support": 181.0
            },
            "weighted avg": {
                "precision": 0.3238301639144104,
                "recall": 0.569060773480663,
                "f1-score": 0.41276943428526963,
                "support": 181.0
            }
        },
        "predictions_sample": [
            0.5180045962333679,
            0.5159631371498108,
            0.5180294513702393,
            0.5159064531326294,
            0.5172814726829529,
            0.516949474811554,
            0.5173293948173523,
            0.5176547765731812,
            0.5176353454589844,
            0.5173352360725403
        ]
    }
}