{
    "lstm_direction": {
        "test_metrics": {
            "loss": 0.6844480037689209,
            "accuracy": 0.6022099256515503,
            "auc": 0.5535847544670105
        },
        "classification_report": {
            "0": {
                "precision": 0.5789473684210527,
                "recall": 0.28205128205128205,
                "f1-score": 0.37931034482758624,
                "support": 78.0
            },
            "1": {
                "precision": 0.6083916083916084,
                "recall": 0.8446601941747572,
                "f1-score": 0.7073170731707318,
                "support": 103.0
            },
            "accuracy": 0.6022099447513812,
            "macro avg": {
                "precision": 0.5936694884063305,
                "recall": 0.5633557381130196,
                "f1-score": 0.543313708999159,
                "support": 181.0
            },
            "weighted avg": {
                "precision": 0.5957029303932474,
                "recall": 0.6022099447513812,
                "f1-score": 0.5659661073653983,
                "support": 181.0
            }
        },
        "predictions_sample": [
            0.538201093673706,
            0.541073203086853,
            0.5426021218299866,
            0.5436177253723145,
            0.5442007184028625,
            0.5451700687408447,
            0.5456181168556213,
            0.5461412072181702,
            0.5463765859603882,
            0.5463603138923645
        ]
    },
    "gru_direction": {
        "test_metrics": {
            "loss": 0.6974481344223022,
            "accuracy": 0.4475138187408447,
            "auc": 0.41299477219581604
        },
        "classification_report": {
            "0": {
                "precision": 0.3225806451612903,
                "recall": 0.2564102564102564,
                "f1-score": 0.2857142857142857,
                "support": 78.0
            },
            "1": {
                "precision": 0.5126050420168067,
                "recall": 0.5922330097087378,
                "f1-score": 0.5495495495495496,
                "support": 103.0
            },
            "accuracy": 0.44751381215469616,
            "macro avg": {
                "precision": 0.41759284358904847,
                "recall": 0.4243216330594971,
                "f1-score": 0.41763191763191765,
                "support": 181.0
            },
            "weighted avg": {
                "precision": 0.4307160754160869,
                "recall": 0.44751381215469616,
                "f1-score": 0.43585258502385577,
                "support": 181.0
            }
        },
        "predictions_sample": [
            0.4988348186016083,
            0.49822112917900085,
            0.49765029549598694,
            0.49527570605278015,
            0.4947005808353424,
            0.49427303671836853,
            0.4912640154361725,
            0.4888897240161896,
            0.48753631114959717,
            0.4875742197036743
        ]
    },
    "cnn_lstm_direction": {
        "test_metrics": {
            "loss": 0.6851393580436707,
            "accuracy": 0.5690608024597168,
            "auc": 0.5626711249351501
        },
        "classification_report": {
            "0": {
                "precision": 0.0,
                "recall": 0.0,
                "f1-score": 0.0,
                "support": 78.0
            },
            "1": {
                "precision": 0.569060773480663,
                "recall": 1.0,
                "f1-score": 0.7253521126760564,
                "support": 103.0
            },
            "accuracy": 0.569060773480663,
            "macro avg": {
                "precision": 0.2845303867403315,
                "recall": 0.5,
                "f1-score": 0.3626760563380282,
                "support": 181.0
            },
            "weighted avg": {
                "precision": 0.3238301639144104,
                "recall": 0.569060773480663,
                "f1-score": 0.41276943428526963,
                "support": 181.0
            }
        },
        "predictions_sample": [
            0.5411701798439026,
            0.5388633608818054,
            0.5394986867904663,
            0.5378818511962891,
            0.5383589267730713,
            0.5352005958557129,
            0.5359799265861511,
            0.5373802781105042,
            0.53920978307724,
            0.5379393100738525
        ]
    }
}